{"openapi": "3.1.0", "info": {"title": "Exam API", "description": "This API powered by FastAPI.", "version": "1.0.1"}, "paths": {"/": {"get": {"summary": "No Api", "operationId": "No_api__get", "responses": {"200": {"description": "Successful Response", "content": {"application/json": {"schema": {}}}}}}}, "/verify": {"get": {"tags": ["Api health check"], "summary": "Api Health Check", "operationId": "Api_health_check_verify_get", "responses": {"200": {"description": "Successful Response", "content": {"application/json": {"schema": {}}}}}}}, "/questions/": {"get": {"tags": ["Admin Tasks"], "summary": "Questions All", "description": "Only for admin! All questions are here!", "operationId": "Questions_all_questions__get", "responses": {"200": {"description": "Successful Response", "content": {"application/json": {"schema": {"items": {"$ref": "#/components/schemas/Question"}, "type": "array", "title": "Response Questions All Questions  Get"}}}}}, "security": [{"HTTPBasic": []}]}, "post": {"tags": ["Admin Tasks"], "summary": "Add Question", "description": "For test--- subject : BDD, Data Science.--- use: Test de positionnement, Total Bootcamp---", "operationId": "Add_question_questions__post", "requestBody": {"content": {"application/json": {"schema": {"$ref": "#/components/schemas/Question"}}}, "required": true}, "responses": {"200": {"description": "Successful Response", "content": {"application/json": {"schema": {"$ref": "#/components/schemas/QuestionResponse"}}}}, "422": {"description": "Validation Error", "content": {"application/json": {"schema": {"$ref": "#/components/schemas/HTTPValidationError"}}}}}, "security": [{"HTTPBasic": []}]}}, "/questions/subject/{subject}": {"get": {"tags": ["Admin Tasks"], "summary": "Subjects Related To Questions", "description": "For test--- subject : BDD, Data Science.", "operationId": "Subjects_related_to_questions_questions_subject__subject__get", "security": [{"HTTPBasic": []}], "parameters": [{"name": "subject", "in": "path", "required": true, "schema": {"type": "string", "title": "Subject"}}], "responses": {"200": {"description": "Successful Response", "content": {"application/json": {"schema": {"type": "array", "items": {"$ref": "#/components/schemas/Question"}, "title": "Response Subjects Related To Questions Questions Subject  Subject  Get"}}}}, "422": {"description": "Validation Error", "content": {"application/json": {"schema": {"$ref": "#/components/schemas/HTTPValidationError"}}}}}}}, "/generate-mcq/": {"get": {"tags": ["ALL users task"], "summary": "Generate A New Quiz", "description": "For test--- subject : BDD, Data Science.--- use: Test de positionnement, Total Bootcamp---questions. 5, 10, 20", "operationId": "Generate_a_new_QUIZ_generate_mcq__get", "parameters": [{"name": "subjects", "in": "query", "required": true, "schema": {"type": "array", "items": {"type": "string"}, "title": "Subjects", "description": "Enter the subjects"}, "description": "Enter the subjects"}, {"name": "use", "in": "query", "required": true, "schema": {"type": "string", "title": "Use Type", "description": "Enter the type of test(use)"}, "description": "Enter the type of test(use)"}, {"name": "num_questions", "in": "query", "required": true, "schema": {"type": "integer", "title": "Number of Questions", "description": "Enter the number of questions"}, "description": "Enter the number of questions"}], "responses": {"200": {"description": "Successful Response", "content": {"application/json": {"schema": {"type": "array", "items": {"$ref": "#/components/schemas/Question"}, "title": "Response Generate A New Quiz Generate Mcq  Get"}}}}, "422": {"description": "Validation Error", "content": {"application/json": {"schema": {"$ref": "#/components/schemas/HTTPValidationError"}}}}}}}}, "components": {"schemas": {"HTTPValidationError": {"properties": {"detail": {"items": {"$ref": "#/components/schemas/ValidationError"}, "type": "array", "title": "Detail"}}, "type": "object", "title": "HTTPValidationError"}, "Question": {"properties": {"question": {"type": "string", "title": "Question"}, "subject": {"type": "string", "title": "Subject"}, "use": {"type": "string", "title": "Use"}, "correct": {"type": "string", "title": "Correct"}, "responseA": {"type": "string", "title": "Responsea"}, "responseB": {"type": "string", "title": "Responseb"}, "responseC": {"type": "string", "title": "Responsec"}, "responseD": {"anyOf": [{"type": "string"}, {"type": "null"}], "title": "Responsed"}, "remark": {"anyOf": [{"type": "string"}, {"type": "null"}], "title": "Remark"}}, "type": "object", "required": ["question", "subject", "use", "correct", "responseA", "responseB", "responseC"], "title": "Question"}, "QuestionResponse": {"properties": {"message": {"type": "string", "title": "Message"}, "question": {"$ref": "#/components/schemas/Question"}}, "type": "object", "required": ["message", "question"], "title": "QuestionResponse"}, "ValidationError": {"properties": {"loc": {"items": {"anyOf": [{"type": "string"}, {"type": "integer"}]}, "type": "array", "title": "Location"}, "msg": {"type": "string", "title": "Message"}, "type": {"type": "string", "title": "Error Type"}}, "type": "object", "required": ["loc", "msg", "type"], "title": "ValidationError"}}, "securitySchemes": {"HTTPBasic": {"type": "http", "scheme": "basic"}}}}